203890,15449,3.568783068783069,4.0,4.0,3.0,4.0,4.0,3.0,3.0,3.0,3.0,3.0,3.0,3.588235294117647,3.0
225691,15449,3.568783068783069,5.0,4.0,4.0,3.0,5.0,4.0,4.0,4.333333333333333,4.333333333333333,4.333333333333333,4.333333333333333,3.588235294117647,5.0
311124,15449,3.568783068783069,4.0,3.0,3.0,4.0,4.0,4.0,3.0,3.3333333333333335,3.3333333333333335,3.3333333333333335,3.3333333333333335,3.588235294117647,3.0
330156,15449,3.568783068783069,3.0,2.0,3.0,3.0,3.0,5.0,5.0,4.333333333333333,4.333333333333333,4.333333333333333,4.333333333333333,3.588235294117647,3.0
363180,15449,3.568783068783069,5.0,4.0,3.0,3.0,5.0,5.0,5.0,5.0,5.0,5.0,5.0,3.588235294117647,5.0
634569,15449,3.568783068783069,3.0,4.0,4.0,5.0,5.0,5.0,4.0,4.333333333333333,4.333333333333333,4.333333333333333,4.333333333333333,3.588235294117647,4.0
717338,15449,3.568783068783069,5.0,3.0,4.0,4.0,5.0,4.0,5.0,4.0,4.5,4.5,4.5,3.588235294117647,5.0
847863,15449,3.568783068783069,5.0,3.0,3.0,4.0,4.0,5.0,5.0,5.0,5.0,5.0,5.0,3.588235294117647,5.0
875719,15449,3.568783068783069,2.0,3.0,3.0,3.0,3.0,5.0,5.0,4.0,4.0,4.0,4.0,3.588235294117647,2.0
890183,15449,3.568783068783069,4.0,4.0,5.0,5.0,2.0,2.0,2.5,2.5,2.5,2.5,2.5,3.588235294117647,3.0
1030186,15449,3.568783068783069,3.0,2.0,3.0,3.0,3.0,5.0,5.0,4.333333333333333,4.333333333333333,4.333333333333333,4.333333333333333,3.588235294117647,3.0
1071510,15449,3.568783068783069,5.0,4.0,4.0,3.0,5.0,4.0,4.0,4.333333333333333,4.333333333333333,4.333333333333333,4.333333333333333,3.588235294117647,5.0
1103433,15449,3.568783068783069,3.0,4.0,4.0,3.0,3.0,4.0,4.0,3.6666666666666665,3.6666666666666665,3.6666666666666665,3.6666666666666665,3.588235294117647,3.0
1272168,15449,3.568783068783069,2.0,5.0,5.0,3.0,4.0,5.0,5.0,5.0,5.0,5.0,5.0,3.588235294117647,5.0
1400278,15449,3.568783068783069,4.0,3.0,3.0,4.0,4.0,2.0,4.0,3.3333333333333335,3.3333333333333335,3.3333333333333335,3.3333333333333335,3.588235294117647,4.0
1412527,15449,3.568783068783069,3.0,3.0,4.0,3.0,3.0,5.0,3.0,3.6666666666666665,3.6666666666666665,3.6666666666666665,3.6666666666666665,3.588235294117647,3.0
1612159,15449,3.568783068783069,3.0,3.0,4.0,3.0,3.0,5.0,3.0,3.6666666666666665,3.6666666666666665,3.6666666666666665,3.6666666666666665,3.588235294117647,3.0
1646964,15449,3.568783068783069,3.0,3.0,3.0,3.0,3.0,4.0,5.0,4.0,4.0,4.0,4.0,3.588235294117647,3.0
1785209,15449,3.568783068783069,5.0,3.0,3.0,4.0,4.0,3.0,3.0,3.0,3.0,3.0,3.0,3.588235294117647,3.0
1790158,15449,3.568783068783069,4.0,5.0,5.0,4.0,3.0,3.0,3.0,3.3333333333333335,3.3333333333333335,3.3333333333333335,3.3333333333333335,3.588235294117647,4.0
1827937,15449,3.568783068783069,4.0,5.0,5.0,5.0,3.0,3.0,4.0,3.6666666666666665,3.6666666666666665,3.6666666666666665,3.6666666666666665,3.588235294117647,4.0
1942793,15449,3.568783068783069,4.0,3.0,3.0,5.0,5.0,5.0,5.0,4.666666666666667,4.666666666666667,4.666666666666667,4.666666666666667,3.588235294117647,4.0
1987400,15449,3.568783068783069,5.0,3.0,3.0,4.0,4.0,3.0,3.0,3.0,3.0,3.0,3.0,3.588235294117647,3.0
2026787,15449,3.568783068783069,3.0,4.0,3.0,4.0,4.0,3.0,4.0,3.3333333333333335,3.3333333333333335,3.3333333333333335,3.3333333333333335,3.588235294117647,3.0
2085421,15449,3.568783068783069,5.0,3.0,5.0,4.0,4.0,5.0,5.0,4.0,4.5,4.5,4.5,3.588235294117647,4.0
2119135,15449,3.568783068783069,3.0,4.0,3.0,4.0,4.0,3.0,4.0,3.3333333333333335,3.3333333333333335,3.3333333333333335,3.3333333333333335,3.588235294117647,3.0
2251050,15449,3.568783068783069,5.0,3.0,3.0,4.0,4.0,5.0,5.0,5.0,5.0,5.0,5.0,3.588235294117647,5.0
2331843,15449,3.568783068783069,4.0,3.0,3.0,5.0,5.0,5.0,5.0,4.666666666666667,4.666666666666667,4.666666666666667,4.666666666666667,3.588235294117647,4.0
2350500,15449,3.568783068783069,3.0,3.0,5.0,4.0,4.0,2.0,2.0,2.0,2.0,2.0,2.0,3.588235294117647,2.0
2353376,15449,3.568783068783069,3.0,3.0,2.0,3.0,3.0,4.0,4.0,3.3333333333333335,3.3333333333333335,3.3333333333333335,3.3333333333333335,3.588235294117647,2.0
2363627,15449,3.568783068783069,3.0,3.0,4.0,4.0,5.0,4.0,5.0,4.333333333333333,4.333333333333333,4.333333333333333,4.333333333333333,3.588235294117647,4.0
2421852,15449,3.568783068783069,3.0,4.0,4.0,3.0,3.0,4.0,4.0,3.6666666666666665,3.6666666666666665,3.6666666666666665,3.6666666666666665,3.588235294117647,3.0
2469399,15449,3.568783068783069,4.0,5.0,5.0,3.0,3.0,3.0,4.0,3.0,3.25,3.25,3.25,3.588235294117647,3.0
2511278,15449,3.568783068783069,4.0,5.0,5.0,4.0,3.0,3.0,3.0,3.3333333333333335,3.3333333333333335,3.3333333333333335,3.3333333333333335,3.588235294117647,4.0
2137371,15480,3.568783068783069,3.0,3.0,3.0,3.0,3.0,3.0,3.0,3.0
1456376,15516,3.568783068783069,5.0,4.0,2.0,4.0,3.0,5.0,5.0,5.0,5.0,5.0,5.0,3.5714285714285716,5.0
1458814,15516,3.568783068783069,2.0,4.0,4.0,2.0,5.0,5.0,4.0,4.0,4.0,4.0,4.0,3.5714285714285716,3.0
1512646,15516,3.568783068783069,3.0,2.0,5.0,4.0,4.0,4.0,3.0,3.0,3.0,3.0,3.0,3.5714285714285716,2.0
1583424,15516,3.568783068783069,4.0,5.0,4.0,3.0,2.0,4.0,4.0,3.0,4.0,4.0,4.0,3.5714285714285716,5.0
1612996,15516,3.568783068783069,3.0,4.0,2.0,4.0,5.0,5.0,4.0,3.6666666666666665,3.6666666666666665,3.6666666666666665,3.6666666666666665,3.5714285714285716,2.0
1684165,15516,3.568783068783069,4.0,3.0,5.0,2.0,2.0,2.0,2.0,2.6666666666666665,2.6666666666666665,2.6666666666666665,2.6666666666666665,3.5714285714285716,4.0
2022945,15516,3.568783068783069,5.0,4.0,3.0,2.0,5.0,2.0,3.0,3.0,3.0,3.0,3.0,3.5714285714285716,4.0
274975,15576,3.568783068783069,4.0,4.0,3.0,3.0,3.0,4.0,3.0,3.6666666666666665,3.6666666666666665,3.6666666666666665,3.6666666666666665,3.5555555555555554,4.0
363180,15576,3.568783068783069,4.0,4.0,3.0,4.0,4.0,5.0,5.0,5.0,5.0,5.0,5.0,3.5555555555555554,5.0
564403,15576,3.568783068783069,3.0,4.0,4.0,4.0,4.0,5.0,4.0,4.0,4.0,4.0,4.0,3.5555555555555554,3.0
717338,15576,3.568783068783069,5.0,3.0,4.0,4.0,3.0,5.0,5.0,4.0,4.5,4.5,4.5,3.5555555555555554,4.0
926054,15576,3.568783068783069,4.0,3.0,3.0,4.0,4.0,5.0,5.0,2.0,4.0,4.0,4.0,3.5555555555555554,4.0
1272168,15576,3.568783068783069,3.0,5.0,4.0,3.0,4.0,5.0,5.0,5.0,5.0,5.0,5.0,3.5555555555555554,5.0
1327480,15576,3.568783068783069,4.0,3.0,3.0,3.0,4.0,4.0,5.0,4.333333333333333,4.333333333333333,4.333333333333333,4.333333333333333,3.5555555555555554,4.0
1456376,15576,3.568783068783069,4.0,2.0,3.0,4.0,3.0,5.0,5.0,5.0,5.0,5.0,5.0,3.5555555555555554,5.0
1583424,15576,3.568783068783069,2.0,5.0,4.0,4.0,4.0,5.0,4.0,3.0,4.0,4.0,4.0,3.5555555555555554,4.0
1883537,15576,3.568783068783069,4.0,4.0,4.0,4.0,3.0,2.0,3.0,2.6666666666666665,2.6666666666666665,2.6666666666666665,2.6666666666666665,3.5555555555555554,3.0
2022945,15576,3.568783068783069,4.0,5.0,3.0,3.0,4.0,4.0,3.0,3.0,3.0,3.0,3.0,3.5555555555555554,2.0
2085421,15576,3.568783068783069,5.0,3.0,4.0,4.0,3.0,5.0,4.0,5.0,4.5,4.5,4.5,3.5555555555555554,4.0
2101803,15576,3.568783068783069,3.0,4.0,4.0,4.0,3.0,3.0,4.0,3.6666666666666665,3.6666666666666665,3.6666666666666665,3.6666666666666665,3.5555555555555554,4.0
2120723,15576,3.568783068783069,3.0,4.0,4.0,4.0,4.0,5.0,4.0,4.0,4.0,4.0,4.0,3.5555555555555554,3.0
2127497,15576,3.568783068783069,3.0,5.0,3.0,4.0,4.0,3.0,3.0,3.0,3.0,3.0,3.0,3.5555555555555554,3.0
2180255,15576,3.568783068783069,4.0,5.0,3.0,3.0,4.0,3.0,3.0,3.0,3.0,3.0,3.0,3.5555555555555554,3.0
2469399,15576,3.568783068783069,4.0,4.0,5.0,3.0,3.0,4.0,3.0,3.0,3.25,3.25,3.25,3.5555555555555554,3.0
2497498,15576,3.568783068783069,3.0,4.0,4.0,4.0,3.0,3.0,2.0,2.0,2.0,2.0,2.0,3.5555555555555554,1.0
2905,15582,3.568783068783069,5.0,5.0,5.0,5.0,5.0,4.0,4.5,4.5,4.5,4.5,4.5,3.573099415204678,5.0
18426,15582,3.568783068783069,4.0,3.0,4.0,4.0,4.0,3.0,3.0,3.0,3.0,3.0,3.0,3.573099415204678,3.0
78863,15582,3.568783068783069,3.0,3.0,3.0,5.0,5.0,2.0,2.5,2.5,2.5,2.5,2.5,3.573099415204678,3.0
87134,15582,3.568783068783069,5.0,3.0,3.0,3.0,3.0,3.0,4.0,4.0,4.0,4.0,4.0,3.573099415204678,5.0
94041,15582,3.568783068783069,5.0,5.0,5.0,5.0,5.0,4.0,4.5,4.5,4.5,4.5,4.5,3.573099415204678,5.0
123384,15582,3.568783068783069,4.0,3.0,4.0,4.0,4.0,4.0,4.0,4.0,4.0,4.0,4.0,3.573099415204678,4.0
203890,15582,3.568783068783069,4.0,4.0,4.0,3.0,3.0,3.0,3.0,3.0,3.0,3.0,3.0,3.573099415204678,3.0
204096,15582,3.568783068783069,4.0,3.0,4.0,4.0,4.0,1.0,1.0,1.0,1.0,1.0,1.0,3.573099415204678,1.0
209127,15582,3.568783068783069,5.0,5.0,5.0,5.0,5.0,4.0,4.5,4.5,4.5,4.5,4.5,3.573099415204678,5.0
210185,15582,3.568783068783069,4.0,3.0,4.0,4.0,4.0,2.0,2.0,2.0,2.0,2.0,2.0,3.573099415204678,2.0
225691,15582,3.568783068783069,4.0,3.0,3.0,3.0,5.0,4.0,5.0,4.333333333333333,4.333333333333333,4.333333333333333,4.333333333333333,3.573099415204678,4.0
238703,15582,3.568783068783069,5.0,5.0,5.0,5.0,5.0,4.0,4.5,4.5,4.5,4.5,4.5,3.573099415204678,5.0
269689,15582,3.568783068783069,4.0,3.0,4.0,4.0,4.0,4.0,4.0,4.0,4.0,4.0,4.0,3.573099415204678,4.0
273020,15582,3.568783068783069,4.0,3.0,4.0,4.0,4.0,5.0,5.0,5.0,5.0,5.0,5.0,3.573099415204678,5.0
274975,15582,3.568783068783069,3.0,4.0,5.0,5.0,2.0,3.0,4.0,3.6666666666666665,3.6666666666666665,3.6666666666666665,3.6666666666666665,3.573099415204678,4.0
303917,15582,3.568783068783069,3.0,3.0,3.0,3.0,3.0,3.0,3.0,3.0,3.0,3.0,3.0,3.573099415204678,3.0
304581,15582,3.568783068783069,4.0,3.0,4.0,4.0,4.0,5.0,5.0,5.0,5.0,5.0,5.0,3.573099415204678,5.0
308751,15582,3.568783068783069,3.0,3.0,3.0,3.0,3.0,1.0,1.0,1.0,1.0,1.0,1.0,3.573099415204678,1.0
311124,15582,3.568783068783069,4.0,3.0,3.0,5.0,5.0,4.0,3.0,3.3333333333333335,3.3333333333333335,3.3333333333333335,3.3333333333333335,3.573099415204678,3.0
330156,15582,3.568783068783069,5.0,4.0,4.0,4.0,5.0,5.0,3.0,4.333333333333333,4.333333333333333,4.333333333333333,4.333333333333333,3.573099415204678,5.0
330566,15582,3.568783068783069,5.0,3.0,3.0,3.0,3.0,3.0,4.0,4.0,4.0,4.0,4.0,3.573099415204678,5.0
363180,15582,3.568783068783069,5.0,5.0,4.0,3.0,5.0,5.0,5.0,5.0,5.0,5.0,5.0,3.573099415204678,5.0
371849,15582,3.568783068783069,3.0,3.0,3.0,3.0,3.0,4.0,3.5,3.5,3.5,3.5,3.5,3.573099415204678,3.0
394803,15582,3.568783068783069,3.0,3.0,3.0,3.0,3.0,4.0,4.0,4.0,4.0,4.0,4.0,3.573099415204678,4.0
412824,15582,3.568783068783069,3.0,3.0,3.0,3.0,3.0,5.0,5.0,5.0,5.0,5.0,5.0,3.573099415204678,5.0
428688,15582,3.568783068783069,1.0,4.0,3.0,4.0,4.0,1.0,2.5,2.5,2.5,2.5,2.5,3.573099415204678,4.0
442485,15582,3.568783068783069,3.0,3.0,3.0,3.0,3.0,5.0,5.0,5.0,5.0,5.0,5.0,3.573099415204678,5.0
443447,15582,3.568783068783069,4.0,3.0,4.0,4.0,4.0,1.0,1.0,1.0,1.0,1.0,1.0,3.573099415204678,1.0
469021,15582,3.568783068783069,2.0,2.0,2.0,2.0,3.0,3.0,2.5,2.5,2.5,2.5,2.5,3.573099415204678,2.0
484343,15582,3.568783068783069,4.0,3.0,4.0,4.0,4.0,2.0,2.0,2.0,2.0,2.0,2.0,3.573099415204678,2.0
499293,15582,3.568783068783069,3.0,3.0,3.0,3.0,3.0,4.0,4.0,4.0,4.0,4.0,4.0,3.573099415204678,4.0
501420,15582,3.568783068783069,3.0,3.0,3.0,3.0,3.0,2.0,3.0,2.3333333333333335,2.3333333333333335,2.3333333333333335,2.3333333333333335,3.573099415204678,2.0
501428,15582,3.568783068783069,3.0,3.0,3.0,5.0,5.0,2.0,2.5,2.5,2.5,2.5,2.5,3.573099415204678,3.0
546161,15582,3.568783068783069,3.0,3.0,3.0,3.0,3.0,4.0,3.5,3.5,3.5,3.5,3.5,3.573099415204678,3.0
559753,15582,3.568783068783069,4.0,3.0,4.0,4.0,4.0,3.0,3.0,3.0,3.0,3.0,3.0,3.573099415204678,3.0
564403,15582,3.568783068783069,5.0,4.0,4.0,5.0,3.0,4.0,3.0,4.0,4.0,4.0,4.0,3.573099415204678,5.0
571547,15582,3.568783068783069,4.0,3.0,4.0,4.0,4.0,4.0,4.0,4.0,4.0,4.0,4.0,3.573099415204678,4.0
582273,15582,3.568783068783069,3.0,3.0,3.0,3.0,3.0,2.0,2.0,2.0,2.0,2.0,2.0,3.573099415204678,2.0
591772,15582,3.568783068783069,4.0,4.0,4.0,4.0,5.0,3.0,3.5,3.5,3.5,3.5,3.5,3.573099415204678,4.0
634569,15582,3.568783068783069,3.0,5.0,5.0,5.0,5.0,5.0,4.0,4.333333333333333,4.333333333333333,4.333333333333333,4.333333333333333,3.573099415204678,4.0
635070,15582,3.568783068783069,3.0,3.0,3.0,3.0,3.0,3.0,3.0,3.0,3.0,3.0,3.0,3.573099415204678,3.0
696076,15582,3.568783068783069,5.0,5.0,5.0,5.0,5.0,4.0,4.5,4.5,4.5,4.5,4.5,3.573099415204678,5.0
697601,15582,3.568783068783069,4.0,3.0,4.0,4.0,4.0,4.0,4.0,4.0,4.0,4.0,4.0,3.573099415204678,4.0
699566,15582,3.568783068783069,4.0,3.0,4.0,4.0,4.0,3.0,3.0,3.0,3.0,3.0,3.0,3.573099415204678,3.0
717338,15582,3.568783068783069,5.0,4.0,5.0,4.0,5.0,4.0,5.0,4.0,4.5,4.5,4.5,3.573099415204678,5.0
728288,15582,3.568783068783069,3.0,3.0,3.0,3.0,3.0,5.0,5.0,5.0,5.0,5.0,5.0,3.573099415204678,5.0
734458,15582,3.568783068783069,2.0,2.0,3.0,3.0,3.0,4.0,3.0,3.0,3.0,3.0,3.0,3.573099415204678,2.0
756838,15582,3.568783068783069,3.0,3.0,3.0,3.0,3.0,3.0,3.0,3.0,3.0,3.0,3.0,3.573099415204678,3.0
771620,15582,3.568783068783069,4.0,3.0,4.0,4.0,4.0,4.0,4.0,4.0,4.0,4.0,4.0,3.573099415204678,4.0
772337,15582,3.568783068783069,3.0,3.0,2.0,2.0,2.0,5.0,4.0,4.0,4.0,4.0,4.0,3.573099415204678,3.0
831643,15582,3.568783068783069,4.0,3.0,4.0,4.0,4.0,4.0,4.0,4.0,4.0,4.0,4.0,3.573099415204678,4.0
845192,15582,3.568783068783069,4.0,3.0,4.0,4.0,4.0,2.0,2.0,2.0,2.0,2.0,2.0,3.573099415204678,2.0
847863,15582,3.568783068783069,5.0,3.0,3.0,5.0,5.0,5.0,5.0,5.0,5.0,5.0,5.0,3.573099415204678,5.0
875719,15582,3.568783068783069,4.0,5.0,5.0,5.0,4.0,5.0,2.0,4.0,4.0,4.0,4.0,3.573099415204678,5.0
890608,15582,3.568783068783069,4.0,3.0,4.0,4.0,4.0,4.0,4.0,4.0,4.0,4.0,4.0,3.573099415204678,4.0
894805,15582,3.568783068783069,4.0,3.0,4.0,4.0,4.0,4.0,4.0,4.0,4.0,4.0,4.0,3.573099415204678,4.0
900050,15582,3.568783068783069,3.0,3.0,3.0,3.0,3.0,4.0,4.0,4.0,4.0,4.0,4.0,3.573099415204678,4.0
921345,15582,3.568783068783069,3.0,3.0,3.0,3.0,3.0,3.0,3.0,3.0,3.0,3.0,3.0,3.573099415204678,3.0
926054,15582,3.568783068783069,4.0,5.0,5.0,4.0,3.0,5.0,4.0,2.0,4.0,4.0,4.0,3.573099415204678,5.0
926217,15582,3.568783068783069,3.0,3.0,3.0,3.0,3.0,3.0,3.0,3.0,3.0,3.0,3.0,3.573099415204678,3.0
939845,15582,3.568783068783069,4.0,3.0,4.0,4.0,4.0,3.0,3.0,3.0,3.0,3.0,3.0,3.573099415204678,3.0
1010964,15582,3.568783068783069,3.0,3.0,3.0,3.0,3.0,5.0,5.0,5.0,5.0,5.0,5.0,3.573099415204678,5.0
1030186,15582,3.568783068783069,5.0,4.0,4.0,4.0,5.0,5.0,3.0,4.333333333333333,4.333333333333333,4.333333333333333,4.333333333333333,3.573099415204678,5.0
1033053,15582,3.568783068783069,5.0,5.0,5.0,5.0,5.0,4.0,4.5,4.5,4.5,4.5,4.5,3.573099415204678,5.0
1071510,15582,3.568783068783069,4.0,3.0,3.0,3.0,5.0,4.0,5.0,4.333333333333333,4.333333333333333,4.333333333333333,4.333333333333333,3.573099415204678,4.0
1079598,15582,3.568783068783069,3.0,3.0,3.0,3.0,3.0,4.0,4.0,4.0,4.0,4.0,4.0,3.573099415204678,4.0
1079722,15582,3.568783068783069,4.0,3.0,4.0,4.0,4.0,3.0,3.0,3.0,3.0,3.0,3.0,3.573099415204678,3.0
1084598,15582,3.568783068783069,3.0,3.0,2.0,2.0,2.0,5.0,4.0,4.0,4.0,4.0,4.0,3.573099415204678,3.0
1086665,15582,3.568783068783069,3.0,3.0,3.0,3.0,3.0,4.0,4.0,4.0,4.0,4.0,4.0,3.573099415204678,4.0
1092842,15582,3.568783068783069,4.0,3.0,4.0,4.0,4.0,1.0,1.0,1.0,1.0,1.0,1.0,3.573099415204678,1.0
1101854,15582,3.568783068783069,3.0,3.0,3.0,3.0,3.0,4.0,4.0,4.0,4.0,4.0,4.0,3.573099415204678,4.0
1103433,15582,3.568783068783069,4.0,5.0,5.0,5.0,5.0,4.0,3.0,3.6666666666666665,3.6666666666666665,3.6666666666666665,3.6666666666666665,3.573099415204678,4.0
1107106,15582,3.568783068783069,2.0,2.0,2.0,2.0,3.0,3.0,2.5,2.5,2.5,2.5,2.5,3.573099415204678,2.0
1124163,15582,3.568783068783069,2.0,2.0,2.0,2.0,3.0,3.0,2.5,2.5,2.5,2.5,2.5,3.573099415204678,2.0
1132239,15582,3.568783068783069,4.0,3.0,4.0,4.0,4.0,3.0,3.0,3.0,3.0,3.0,3.0,3.573099415204678,3.0
1135068,15582,3.568783068783069,3.0,3.0,3.0,3.0,3.0,4.0,4.0,4.0,4.0,4.0,4.0,3.573099415204678,4.0
1150777,15582,3.568783068783069,3.0,4.0,5.0,5.0,3.0,1.0,2.0,2.0,2.0,2.0,2.0,3.573099415204678,3.0
1182451,15582,3.568783068783069,4.0,3.0,4.0,4.0,4.0,1.0,1.0,1.0,1.0,1.0,1.0,3.573099415204678,1.0
1185491,15582,3.568783068783069,3.0,3.0,3.0,3.0,3.0,4.0,3.5,3.5,3.5,3.5,3.5,3.573099415204678,3.0
1187937,15582,3.568783068783069,3.0,3.0,3.0,3.0,3.0,4.0,3.5,3.5,3.5,3.5,3.5,3.573099415204678,3.0
1210788,15582,3.568783068783069,4.0,3.0,4.0,4.0,4.0,4.0,4.0,4.0,4.0,4.0,4.0,3.573099415204678,4.0
1230004,15582,3.568783068783069,4.0,3.0,4.0,4.0,4.0,3.0,3.0,3.0,3.0,3.0,3.0,3.573099415204678,3.0
1231605,15582,3.568783068783069,4.0,3.0,4.0,4.0,4.0,2.0,2.0,2.0,2.0,2.0,2.0,3.573099415204678,2.0
1261827,15582,3.568783068783069,3.0,3.0,3.0,3.0,3.0,3.0,3.0,3.0,3.0,3.0,3.0,3.573099415204678,3.0
1262887,15582,3.568783068783069,3.0,3.0,3.0,3.0,3.0,4.0,4.0,4.0,4.0,4.0,4.0,3.573099415204678,4.0
1268760,15582,3.568783068783069,3.0,3.0,3.0,3.0,3.0,5.0,5.0,5.0,5.0,5.0,5.0,3.573099415204678,5.0
1274406,15582,3.568783068783069,4.0,3.0,4.0,4.0,4.0,2.0,2.0,2.0,2.0,2.0,2.0,3.573099415204678,2.0
1327480,15582,3.568783068783069,3.0,2.0,5.0,5.0,4.0,5.0,4.0,4.333333333333333,4.333333333333333,4.333333333333333,4.333333333333333,3.573099415204678,4.0
1335912,15582,3.568783068783069,4.0,3.0,4.0,4.0,4.0,1.0,1.0,1.0,1.0,1.0,1.0,3.573099415204678,1.0
1394815,15582,3.568783068783069,3.0,3.0,3.0,3.0,3.0,5.0,5.0,5.0,5.0,5.0,5.0,3.573099415204678,5.0
1400278,15582,3.568783068783069,4.0,4.0,4.0,3.0,3.0,2.0,4.0,3.3333333333333335,3.3333333333333335,3.3333333333333335,3.3333333333333335,3.573099415204678,4.0
1412527,15582,3.568783068783069,3.0,3.0,4.0,4.0,4.0,5.0,3.0,3.6666666666666665,3.6666666666666665,3.6666666666666665,3.6666666666666665,3.573099415204678,3.0
1456376,15582,3.568783068783069,4.0,3.0,3.0,4.0,4.0,5.0,5.0,5.0,5.0,5.0,5.0,3.573099415204678,5.0
1458814,15582,3.568783068783069,5.0,5.0,5.0,5.0,5.0,4.0,3.0,4.0,4.0,4.0,4.0,3.573099415204678,5.0
1493780,15582,3.568783068783069,4.0,3.0,4.0,4.0,4.0,2.0,2.0,2.0,2.0,2.0,2.0,3.573099415204678,2.0
1512646,15582,3.568783068783069,3.0,5.0,5.0,3.0,4.0,2.0,3.0,3.0,3.0,3.0,3.0,3.573099415204678,4.0
1559989,15582,3.568783068783069,2.0,2.0,2.0,2.0,3.0,3.0,2.5,2.5,2.5,2.5,2.5,3.573099415204678,2.0
1583424,15582,3.568783068783069,3.0,5.0,2.0,5.0,4.0,3.0,4.0,5.0,4.0,4.0,4.0,3.573099415204678,4.0
1600209,15582,3.568783068783069,4.0,4.0,4.0,4.0,5.0,3.0,3.5,3.5,3.5,3.5,3.5,3.573099415204678,4.0
1612159,15582,3.568783068783069,3.0,3.0,4.0,4.0,4.0,5.0,3.0,3.6666666666666665,3.6666666666666665,3.6666666666666665,3.6666666666666665,3.573099415204678,3.0
1612996,15582,3.568783068783069,5.0,5.0,5.0,5.0,5.0,4.0,2.0,3.6666666666666665,3.6666666666666665,3.6666666666666665,3.6666666666666665,3.573099415204678,5.0
1625075,15582,3.568783068783069,3.0,3.0,3.0,3.0,3.0,4.0,3.5,3.5,3.5,3.5,3.5,3.573099415204678,3.0
1637213,15582,3.568783068783069,4.0,3.0,4.0,4.0,4.0,5.0,5.0,5.0,5.0,5.0,5.0,3.573099415204678,5.0
1646964,15582,3.568783068783069,4.0,4.0,5.0,5.0,4.0,4.0,3.0,4.0,4.0,4.0,4.0,3.573099415204678,5.0
1675624,15582,3.568783068783069,5.0,5.0,5.0,5.0,5.0,4.0,4.5,4.5,4.5,4.5,4.5,3.573099415204678,5.0
1681964,15582,3.568783068783069,4.0,3.0,4.0,4.0,4.0,3.0,3.0,3.0,3.0,3.0,3.0,3.573099415204678,3.0
1684165,15582,3.568783068783069,3.0,5.0,4.0,5.0,4.0,2.0,4.0,2.6666666666666665,2.6666666666666665,2.6666666666666665,2.6666666666666665,3.573099415204678,2.0
1692007,15582,3.568783068783069,5.0,5.0,3.0,3.0,3.0,2.0,3.0,3.0,3.0,3.0,3.0,3.573099415204678,4.0
1709329,15582,3.568783068783069,3.0,3.0,3.0,3.0,3.0,4.0,3.5,3.5,3.5,3.5,3.5,3.573099415204678,3.0
1712417,15582,3.568783068783069,3.0,3.0,3.0,3.0,3.0,4.0,4.0,4.0,4.0,4.0,4.0,3.573099415204678,4.0
1771516,15582,3.568783068783069,4.0,4.0,4.0,4.0,5.0,3.0,3.5,3.5,3.5,3.5,3.5,3.573099415204678,4.0
1780039,15582,3.568783068783069,3.0,3.0,3.0,3.0,3.0,4.0,4.0,4.0,4.0,4.0,4.0,3.573099415204678,4.0
1785209,15582,3.568783068783069,5.0,3.0,3.0,5.0,5.0,3.0,3.0,3.0,3.0,3.0,3.0,3.573099415204678,3.0
1790158,15582,3.568783068783069,3.0,4.0,4.0,4.0,3.0,3.0,4.0,3.3333333333333335,3.3333333333333335,3.3333333333333335,3.3333333333333335,3.573099415204678,3.0
1827937,15582,3.568783068783069,5.0,4.0,4.0,5.0,3.0,3.0,4.0,3.6666666666666665,3.6666666666666665,3.6666666666666665,3.6666666666666665,3.573099415204678,4.0
1843540,15582,3.568783068783069,4.0,3.0,4.0,4.0,4.0,4.0,4.0,4.0,4.0,4.0,4.0,3.573099415204678,4.0
1883537,15582,3.568783068783069,3.0,4.0,4.0,5.0,5.0,3.0,3.0,2.6666666666666665,2.6666666666666665,2.6666666666666665,2.6666666666666665,3.573099415204678,2.0
1896000,15582,3.568783068783069,4.0,3.0,4.0,4.0,4.0,4.0,4.0,4.0,4.0,4.0,4.0,3.573099415204678,4.0
1910693,15582,3.568783068783069,4.0,3.0,4.0,4.0,4.0,2.0,2.0,2.0,2.0,2.0,2.0,3.573099415204678,2.0
1919986,15582,3.568783068783069,4.0,3.0,4.0,4.0,4.0,3.0,3.0,3.0,3.0,3.0,3.0,3.573099415204678,3.0
1921954,15582,3.568783068783069,4.0,3.0,4.0,4.0,4.0,4.0,4.0,4.0,4.0,4.0,4.0,3.573099415204678,4.0
1942793,15582,3.568783068783069,5.0,4.0,4.0,5.0,5.0,5.0,4.0,4.666666666666667,4.666666666666667,4.666666666666667,4.666666666666667,3.573099415204678,5.0
1946893,15582,3.568783068783069,4.0,3.0,4.0,4.0,4.0,4.0,4.0,4.0,4.0,4.0,4.0,3.573099415204678,4.0
1987400,15582,3.568783068783069,5.0,3.0,3.0,5.0,5.0,3.0,3.0,3.0,3.0,3.0,3.0,3.573099415204678,3.0
2022945,15582,3.568783068783069,4.0,2.0,5.0,5.0,5.0,3.0,2.0,4.0,3.0,3.0,3.0,3.573099415204678,3.0
2026787,15582,3.568783068783069,4.0,5.0,5.0,5.0,5.0,3.0,3.0,3.3333333333333335,3.3333333333333335,3.3333333333333335,3.3333333333333335,3.573099415204678,4.0
2026928,15582,3.568783068783069,4.0,3.0,4.0,4.0,4.0,4.0,4.0,4.0,4.0,4.0,4.0,3.573099415204678,4.0
2043500,15582,3.568783068783069,3.0,4.0,5.0,5.0,3.0,1.0,2.0,2.0,2.0,2.0,2.0,3.573099415204678,3.0
2051165,15582,3.568783068783069,2.0,2.0,2.0,2.0,3.0,3.0,2.5,2.5,2.5,2.5,2.5,3.573099415204678,2.0
2069624,15582,3.568783068783069,4.0,3.0,4.0,4.0,4.0,4.0,4.0,4.0,4.0,4.0,4.0,3.573099415204678,4.0
2080843,15582,3.568783068783069,3.0,3.0,3.0,3.0,3.0,3.0,3.0,3.0,3.0,3.0,3.0,3.573099415204678,3.0
2085421,15582,3.568783068783069,5.0,4.0,5.0,5.0,5.0,5.0,4.0,4.0,4.5,4.5,4.5,3.573099415204678,5.0
2093957,15582,3.568783068783069,3.0,3.0,3.0,3.0,3.0,5.0,5.0,5.0,5.0,5.0,5.0,3.573099415204678,5.0
2101803,15582,3.568783068783069,2.0,4.0,4.0,5.0,5.0,4.0,4.0,3.6666666666666665,3.6666666666666665,3.6666666666666665,3.6666666666666665,3.573099415204678,3.0
2113709,15582,3.568783068783069,3.0,3.0,3.0,5.0,5.0,2.0,2.5,2.5,2.5,2.5,2.5,3.573099415204678,3.0
2119135,15582,3.568783068783069,4.0,5.0,5.0,5.0,5.0,3.0,3.0,3.3333333333333335,3.3333333333333335,3.3333333333333335,3.3333333333333335,3.573099415204678,4.0
2120723,15582,3.568783068783069,5.0,4.0,4.0,5.0,3.0,4.0,3.0,4.0,4.0,4.0,4.0,3.573099415204678,5.0
2170831,15582,3.568783068783069,3.0,3.0,3.0,3.0,3.0,4.0,3.5,3.5,3.5,3.5,3.5,3.573099415204678,3.0
2172710,15582,3.568783068783069,4.0,3.0,4.0,4.0,4.0,4.0,4.0,4.0,4.0,4.0,4.0,3.573099415204678,4.0
2180255,15582,3.568783068783069,4.0,5.0,5.0,5.0,3.0,3.0,3.0,3.0,3.0,3.0,3.0,3.573099415204678,3.0
2197982,15582,3.568783068783069,3.0,3.0,3.0,5.0,5.0,2.0,2.5,2.5,2.5,2.5,2.5,3.573099415204678,3.0
2213581,15582,3.568783068783069,4.0,3.0,4.0,4.0,4.0,3.0,3.0,3.0,3.0,3.0,3.0,3.573099415204678,3.0
2232395,15582,3.568783068783069,3.0,3.0,3.0,3.0,3.0,4.0,4.0,4.0,4.0,4.0,4.0,3.573099415204678,4.0
2251050,15582,3.568783068783069,5.0,3.0,3.0,5.0,5.0,5.0,5.0,5.0,5.0,5.0,5.0,3.573099415204678,5.0
2258791,15582,3.568783068783069,4.0,3.0,4.0,4.0,4.0,5.0,5.0,5.0,5.0,5.0,5.0,3.573099415204678,5.0
2312072,15582,3.568783068783069,2.0,2.0,3.0,3.0,3.0,2.0,1.5,1.5,1.5,1.5,1.5,3.573099415204678,1.0
2327122,15582,3.568783068783069,2.0,2.0,3.0,3.0,3.0,4.0,3.0,3.0,3.0,3.0,3.0,3.573099415204678,2.0
2331843,15582,3.568783068783069,5.0,4.0,4.0,5.0,5.0,5.0,4.0,4.666666666666667,4.666666666666667,4.666666666666667,4.666666666666667,3.573099415204678,5.0
2334757,15582,3.568783068783069,3.0,3.0,3.0,3.0,3.0,4.0,4.0,4.0,4.0,4.0,4.0,3.573099415204678,4.0
2344621,15582,3.568783068783069,4.0,3.0,4.0,4.0,4.0,4.0,4.0,4.0,4.0,4.0,4.0,3.573099415204678,4.0
2353376,15582,3.568783068783069,5.0,5.0,5.0,5.0,4.0,4.0,2.0,3.3333333333333335,3.3333333333333335,3.3333333333333335,3.3333333333333335,3.573099415204678,4.0
2354626,15582,3.568783068783069,3.0,3.0,3.0,3.0,3.0,5.0,4.5,4.5,4.5,4.5,4.5,3.573099415204678,4.0
2359820,15582,3.568783068783069,3.0,3.0,3.0,3.0,3.0,3.0,2.0,2.6666666666666665,2.6666666666666665,2.6666666666666665,2.6666666666666665,3.573099415204678,3.0
2363627,15582,3.568783068783069,4.0,4.0,5.0,5.0,5.0,4.0,4.0,4.333333333333333,4.333333333333333,4.333333333333333,4.333333333333333,3.573099415204678,5.0
2364512,15582,3.568783068783069,3.0,3.0,3.0,3.0,3.0,4.0,3.5,3.5,3.5,3.5,3.5,3.573099415204678,3.0
2375683,15582,3.568783068783069,4.0,4.0,4.0,4.0,5.0,3.0,3.5,3.5,3.5,3.5,3.5,3.573099415204678,4.0
2396236,15582,3.568783068783069,4.0,3.0,4.0,4.0,4.0,3.0,3.0,3.0,3.0,3.0,3.0,3.573099415204678,3.0
2421852,15582,3.568783068783069,4.0,5.0,5.0,5.0,5.0,4.0,3.0,3.6666666666666665,3.6666666666666665,3.6666666666666665,3.6666666666666665,3.573099415204678,4.0
2424986,15582,3.568783068783069,2.0,1.0,2.0,3.0,3.0,5.0,3.5,3.5,3.5,3.5,3.5,3.573099415204678,2.0
2469399,15582,3.568783068783069,5.0,5.0,5.0,4.0,4.0,3.0,3.0,3.0,3.25,3.25,3.25,3.573099415204678,4.0
2478777,15582,3.568783068783069,4.0,3.0,4.0,4.0,4.0,3.0,3.0,3.0,3.0,3.0,3.0,3.573099415204678,3.0
2482831,15582,3.568783068783069,3.0,3.0,2.0,2.0,2.0,5.0,4.0,4.0,4.0,4.0,4.0,3.573099415204678,3.0
2502736,15582,3.568783068783069,3.0,3.0,3.0,3.0,3.0,5.0,5.0,5.0,5.0,5.0,5.0,3.573099415204678,5.0
2511278,15582,3.568783068783069,3.0,4.0,4.0,4.0,3.0,3.0,4.0,3.3333333333333335,3.3333333333333335,3.3333333333333335,3.3333333333333335,3.573099415204678,3.0
2512128,15582,3.568783068783069,3.0,3.0,3.0,3.0,3.0,4.0,4.0,4.0,4.0,4.0,4.0,3.573099415204678,4.0
2522831,15582,3.568783068783069,4.0,4.0,4.0,4.0,5.0,3.0,3.5,3.5,3.5,3.5,3.5,3.573099415204678,4.0
2556992,15582,3.568783068783069,4.0,3.0,4.0,4.0,4.0,4.0,4.0,4.0,4.0,4.0,4.0,3.573099415204678,4.0
2577960,15582,3.568783068783069,3.0,3.0,3.0,3.0,3.0,5.0,5.0,5.0,5.0,5.0,5.0,3.573099415204678,5.0
2581672,15582,3.568783068783069,4.0,3.0,4.0,4.0,4.0,1.0,1.0,1.0,1.0,1.0,1.0,3.573099415204678,1.0
2634182,15582,3.568783068783069,3.0,3.0,3.0,3.0,3.0,3.0,3.0,3.0,3.0,3.0,3.0,3.573099415204678,3.0
2638601,15582,3.568783068783069,3.0,3.0,3.0,3.0,3.0,2.0,2.0,2.0,2.0,2.0,2.0,3.573099415204678,2.0
501420,15992,3.568783068783069,5.0,3.0,2.0,2.0,2.3333333333333335,2.3333333333333335,2.3333333333333335,2.3333333333333335,3.6666666666666665,3.0
894835,15992,3.568783068783069,5.0,3.0,5.0,5.0,5.0,5.0,5.0,5.0,3.6666666666666665,5.0
1851629,15992,3.568783068783069,5.0,3.0,3.0,3.0,3.0,3.0,3.0,3.0,3.6666666666666665,3.0
2905,16082,3.568783068783069,4.0,4.0,4.0,4.0,4.0,5.0,4.5,4.5,4.5,4.5,4.5,3.602836879432624,4.0
21983,16082,3.568783068783069,3.0,4.0,4.0,2.0,5.0,3.0,3.0,3.0,3.0,3.0,3.0,3.602836879432624,3.0
78863,16082,3.568783068783069,2.0,2.0,2.0,3.0,3.0,3.0,2.5,2.5,2.5,2.5,2.5,3.602836879432624,2.0
87134,16082,3.568783068783069,3.0,2.0,2.0,2.0,2.0,5.0,4.0,4.0,4.0,4.0,4.0,3.602836879432624,3.0
94041,16082,3.568783068783069,4.0,4.0,4.0,4.0,4.0,5.0,4.5,4.5,4.5,4.5,4.5,3.602836879432624,4.0
209127,16082,3.568783068783069,4.0,4.0,4.0,4.0,4.0,5.0,4.5,4.5,4.5,4.5,4.5,3.602836879432624,4.0
225691,16082,3.568783068783069,4.0,3.0,3.0,3.0,5.0,4.0,5.0,4.333333333333333,4.333333333333333,4.333333333333333,4.333333333333333,3.602836879432624,4.0
238703,16082,3.568783068783069,4.0,4.0,4.0,4.0,4.0,5.0,4.5,4.5,4.5,4.5,4.5,3.602836879432624,4.0
274975,16082,3.568783068783069,4.0,5.0,4.0,4.0,3.0,4.0,4.0,3.6666666666666665,3.6666666666666665,3.6666666666666665,3.6666666666666665,3.602836879432624,3.0
284970,16082,3.568783068783069,3.0,4.0,4.0,2.0,5.0,3.0,3.0,3.0,3.0,3.0,3.0,3.602836879432624,3.0
303917,16082,3.568783068783069,3.0,3.0,3.0,3.0,3.0,3.0,3.0,3.0,3.0,3.0,3.0,3.602836879432624,3.0
308751,16082,3.568783068783069,3.0,3.0,3.0,3.0,3.0,1.0,1.0,1.0,1.0,1.0,1.0,3.602836879432624,1.0
311124,16082,3.568783068783069,5.0,5.0,5.0,5.0,5.0,3.0,3.0,3.3333333333333335,3.3333333333333335,3.3333333333333335,3.3333333333333335,3.602836879432624,4.0
330156,16082,3.568783068783069,5.0,4.0,4.0,4.0,4.0,5.0,3.0,4.333333333333333,4.333333333333333,4.333333333333333,4.333333333333333,3.602836879432624,5.0
330566,16082,3.568783068783069,3.0,2.0,2.0,2.0,2.0,5.0,4.0,4.0,4.0,4.0,4.0,3.602836879432624,3.0
363180,16082,3.568783068783069,4.0,5.0,3.0,3.0,5.0,5.0,5.0,5.0,5.0,5.0,5.0,3.602836879432624,5.0
371849,16082,3.568783068783069,4.0,4.0,4.0,4.0,4.0,3.0,3.5,3.5,3.5,3.5,3.5,3.602836879432624,4.0
394803,16082,3.568783068783069,3.0,3.0,3.0,3.0,3.0,4.0,4.0,4.0,4.0,4.0,4.0,3.602836879432624,4.0
412824,16082,3.568783068783069,3.0,3.0,3.0,3.0,3.0,5.0,5.0,5.0,5.0,5.0,5.0,3.602836879432624,5.0
442485,16082,3.568783068783069,3.0,3.0,3.0,3.0,3.0,5.0,5.0,5.0,5.0,5.0,5.0,3.602836879432624,5.0
469021,16082,3.568783068783069,3.0,3.0,3.0,3.0,5.0,2.0,2.5,2.5,2.5,2.5,2.5,3.602836879432624,3.0
499293,16082,3.568783068783069,3.0,3.0,3.0,3.0,3.0,4.0,4.0,4.0,4.0,4.0,4.0,3.602836879432624,4.0
501420,16082,3.568783068783069,3.0,3.0,3.0,3.0,3.0,2.0,3.0,2.3333333333333335,2.3333333333333335,2.3333333333333335,2.3333333333333335,3.602836879432624,2.0
501428,16082,3.568783068783069,2.0,2.0,2.0,3.0,3.0,3.0,2.5,2.5,2.5,2.5,2.5,3.602836879432624,2.0
546161,16082,3.568783068783069,4.0,4.0,4.0,4.0,4.0,3.0,3.5,3.5,3.5,3.5,3.5,3.602836879432624,4.0
564403,16082,3.568783068783069,4.0,5.0,3.0,5.0,4.0,5.0,3.0,4.0,4.0,4.0,4.0,3.602836879432624,4.0
582273,16082,3.568783068783069,3.0,3.0,3.0,3.0,3.0,2.0,2.0,2.0,2.0,2.0,2.0,3.602836879432624,2.0
591772,16082,3.568783068783069,3.0,3.0,3.0,3.0,4.0,4.0,3.5,3.5,3.5,3.5,3.5,3.602836879432624,3.0
634569,16082,3.568783068783069,4.0,5.0,5.0,5.0,5.0,4.0,4.0,4.333333333333333,4.333333333333333,4.333333333333333,4.333333333333333,3.602836879432624,5.0
635070,16082,3.568783068783069,3.0,3.0,3.0,3.0,3.0,3.0,3.0,3.0,3.0,3.0,3.0,3.602836879432624,3.0
696076,16082,3.568783068783069,4.0,4.0,4.0,4.0,4.0,5.0,4.5,4.5,4.5,4.5,4.5,3.602836879432624,4.0
717338,16082,3.568783068783069,5.0,3.0,5.0,3.0,5.0,5.0,5.0,4.0,4.5,4.5,4.5,3.602836879432624,4.0
728288,16082,3.568783068783069,3.0,3.0,3.0,3.0,3.0,5.0,5.0,5.0,5.0,5.0,5.0,3.602836879432624,5.0
734458,16082,3.568783068783069,4.0,4.0,5.0,5.0,5.0,2.0,3.0,3.0,3.0,3.0,3.0,3.602836879432624,4.0
741840,16082,3.568783068783069,3.0,4.0,4.0,2.0,5.0,4.0,4.0,4.0,4.0,4.0,4.0,3.602836879432624,4.0
756838,16082,3.568783068783069,3.0,3.0,3.0,3.0,3.0,3.0,3.0,3.0,3.0,3.0,3.0,3.602836879432624,3.0
772337,16082,3.568783068783069,5.0,5.0,3.0,3.0,3.0,3.0,4.0,4.0,4.0,4.0,4.0,3.602836879432624,5.0
847863,16082,3.568783068783069,5.0,3.0,3.0,5.0,5.0,5.0,5.0,5.0,5.0,5.0,5.0,3.602836879432624,5.0
856146,16082,3.568783068783069,3.0,4.0,4.0,2.0,5.0,3.0,3.0,3.0,3.0,3.0,3.0,3.602836879432624,3.0
875719,16082,3.568783068783069,4.0,5.0,5.0,4.0,4.0,5.0,2.0,4.0,4.0,4.0,4.0,3.602836879432624,5.0
877613,16082,3.568783068783069,3.0,4.0,4.0,2.0,5.0,2.0,2.0,2.0,2.0,2.0,2.0,3.602836879432624,2.0
890183,16082,3.568783068783069,3.0,3.0,4.0,4.0,4.0,3.0,2.5,2.5,2.5,2.5,2.5,3.602836879432624,2.0
900050,16082,3.568783068783069,3.0,3.0,3.0,3.0,3.0,4.0,4.0,4.0,4.0,4.0,4.0,3.602836879432624,4.0
912285,16082,3.568783068783069,3.0,4.0,4.0,2.0,5.0,2.0,2.0,2.0,2.0,2.0,2.0,3.602836879432624,2.0
921345,16082,3.568783068783069,3.0,3.0,3.0,3.0,3.0,3.0,3.0,3.0,3.0,3.0,3.0,3.602836879432624,3.0
926054,16082,3.568783068783069,5.0,4.0,4.0,3.0,4.0,5.0,4.0,2.0,4.0,4.0,4.0,3.602836879432624,5.0
926217,16082,3.568783068783069,3.0,3.0,3.0,3.0,3.0,3.0,3.0,3.0,3.0,3.0,3.0,3.602836879432624,3.0
928481,16082,3.568783068783069,3.0,4.0,4.0,2.0,5.0,3.0,3.0,3.0,3.0,3.0,3.0,3.602836879432624,3.0
981753,16082,3.568783068783069,3.0,4.0,4.0,2.0,5.0,4.0,4.0,4.0,4.0,4.0,4.0,3.602836879432624,4.0
995620,16082,3.568783068783069,3.0,4.0,4.0,2.0,5.0,3.0,3.0,3.0,3.0,3.0,3.0,3.602836879432624,3.0
1010964,16082,3.568783068783069,3.0,3.0,3.0,3.0,3.0,5.0,5.0,5.0,5.0,5.0,5.0,3.602836879432624,5.0
1030186,16082,3.568783068783069,5.0,4.0,4.0,4.0,4.0,5.0,3.0,4.333333333333333,4.333333333333333,4.333333333333333,4.333333333333333,3.602836879432624,5.0
1033053,16082,3.568783068783069,4.0,4.0,4.0,4.0,4.0,5.0,4.5,4.5,4.5,4.5,4.5,3.602836879432624,4.0
1053165,16082,3.568783068783069,3.0,4.0,4.0,2.0,5.0,4.0,4.0,4.0,4.0,4.0,4.0,3.602836879432624,4.0
1071510,16082,3.568783068783069,4.0,3.0,3.0,3.0,5.0,4.0,5.0,4.333333333333333,4.333333333333333,4.333333333333333,4.333333333333333,3.602836879432624,4.0
1079598,16082,3.568783068783069,3.0,3.0,3.0,3.0,3.0,4.0,4.0,4.0,4.0,4.0,4.0,3.602836879432624,4.0
1084598,16082,3.568783068783069,5.0,5.0,3.0,3.0,3.0,3.0,4.0,4.0,4.0,4.0,4.0,3.602836879432624,5.0
1086665,16082,3.568783068783069,3.0,3.0,3.0,3.0,3.0,4.0,4.0,4.0,4.0,4.0,4.0,3.602836879432624,4.0
1101854,16082,3.568783068783069,3.0,3.0,3.0,3.0,3.0,4.0,4.0,4.0,4.0,4.0,4.0,3.602836879432624,4.0
1103433,16082,3.568783068783069,4.0,5.0,5.0,5.0,5.0,4.0,3.0,3.6666666666666665,3.6666666666666665,3.6666666666666665,3.6666666666666665,3.602836879432624,4.0
1107106,16082,3.568783068783069,3.0,3.0,3.0,3.0,5.0,2.0,2.5,2.5,2.5,2.5,2.5,3.602836879432624,3.0
1124163,16082,3.568783068783069,3.0,3.0,3.0,3.0,5.0,2.0,2.5,2.5,2.5,2.5,2.5,3.602836879432624,3.0
1135068,16082,3.568783068783069,3.0,3.0,3.0,3.0,3.0,4.0,4.0,4.0,4.0,4.0,4.0,3.602836879432624,4.0
1150777,16082,3.568783068783069,1.0,2.0,3.0,3.0,2.0,3.0,2.0,2.0,2.0,2.0,2.0,3.602836879432624,1.0
1185491,16082,3.568783068783069,4.0,4.0,4.0,4.0,4.0,3.0,3.5,3.5,3.5,3.5,3.5,3.602836879432624,4.0
1187937,16082,3.568783068783069,4.0,4.0,4.0,4.0,4.0,3.0,3.5,3.5,3.5,3.5,3.5,3.602836879432624,4.0
1261827,16082,3.568783068783069,3.0,3.0,3.0,3.0,3.0,3.0,3.0,3.0,3.0,3.0,3.0,3.602836879432624,3.0
1262887,16082,3.568783068783069,3.0,3.0,3.0,3.0,3.0,4.0,4.0,4.0,4.0,4.0,4.0,3.602836879432624,4.0
1268760,16082,3.568783068783069,3.0,3.0,3.0,3.0,3.0,5.0,5.0,5.0,5.0,5.0,5.0,3.602836879432624,5.0
1327480,16082,3.568783068783069,4.0,3.0,4.0,4.0,3.0,4.0,4.0,4.333333333333333,4.333333333333333,4.333333333333333,4.333333333333333,3.602836879432624,5.0
1360752,16082,3.568783068783069,3.0,4.0,4.0,2.0,5.0,3.0,3.0,3.0,3.0,3.0,3.0,3.602836879432624,3.0
1394815,16082,3.568783068783069,3.0,3.0,3.0,3.0,3.0,5.0,5.0,5.0,5.0,5.0,5.0,3.602836879432624,5.0
1400278,16082,3.568783068783069,3.0,3.0,3.0,3.0,3.0,4.0,4.0,3.3333333333333335,3.3333333333333335,3.3333333333333335,3.3333333333333335,3.602836879432624,2.0
1412527,16082,3.568783068783069,5.0,4.0,5.0,4.0,4.0,3.0,3.0,3.6666666666666665,3.6666666666666665,3.6666666666666665,3.6666666666666665,3.602836879432624,5.0
1448522,16082,3.568783068783069,3.0,4.0,4.0,2.0,5.0,3.0,3.0,3.0,3.0,3.0,3.0,3.602836879432624,3.0
1458814,16082,3.568783068783069,4.0,4.0,4.0,4.0,4.0,5.0,3.0,4.0,4.0,4.0,4.0,3.602836879432624,4.0
1504176,16082,3.568783068783069,3.0,4.0,4.0,2.0,5.0,5.0,5.0,5.0,5.0,5.0,5.0,3.602836879432624,5.0
1515936,16082,3.568783068783069,3.0,4.0,4.0,2.0,5.0,4.0,4.0,4.0,4.0,4.0,4.0,3.602836879432624,4.0
1559989,16082,3.568783068783069,3.0,3.0,3.0,3.0,5.0,2.0,2.5,2.5,2.5,2.5,2.5,3.602836879432624,3.0
1583424,16082,3.568783068783069,3.0,2.0,4.0,3.0,4.0,4.0,4.0,5.0,4.0,4.0,4.0,3.602836879432624,3.0
1600209,16082,3.568783068783069,3.0,3.0,3.0,3.0,4.0,4.0,3.5,3.5,3.5,3.5,3.5,3.602836879432624,3.0
1612159,16082,3.568783068783069,5.0,4.0,5.0,4.0,4.0,3.0,3.0,3.6666666666666665,3.6666666666666665,3.6666666666666665,3.6666666666666665,3.602836879432624,5.0
1612996,16082,3.568783068783069,4.0,4.0,4.0,4.0,4.0,5.0,2.0,3.6666666666666665,3.6666666666666665,3.6666666666666665,3.6666666666666665,3.602836879432624,4.0
1625075,16082,3.568783068783069,4.0,4.0,4.0,4.0,4.0,3.0,3.5,3.5,3.5,3.5,3.5,3.602836879432624,4.0
1646964,16082,3.568783068783069,3.0,3.0,5.0,5.0,4.0,5.0,3.0,4.0,4.0,4.0,4.0,3.602836879432624,4.0
1675624,16082,3.568783068783069,4.0,4.0,4.0,4.0,4.0,5.0,4.5,4.5,4.5,4.5,4.5,3.602836879432624,4.0
1684165,16082,3.568783068783069,3.0,4.0,3.0,4.0,4.0,2.0,4.0,2.6666666666666665,2.6666666666666665,2.6666666666666665,2.6666666666666665,3.602836879432624,2.0
1692007,16082,3.568783068783069,3.0,3.0,2.0,2.0,2.0,4.0,3.0,3.0,3.0,3.0,3.0,3.602836879432624,2.0
1709329,16082,3.568783068783069,4.0,4.0,4.0,4.0,4.0,3.0,3.5,3.5,3.5,3.5,3.5,3.602836879432624,4.0
1712417,16082,3.568783068783069,3.0,3.0,3.0,3.0,3.0,4.0,4.0,4.0,4.0,4.0,4.0,3.602836879432624,4.0
1771516,16082,3.568783068783069,3.0,3.0,3.0,3.0,4.0,4.0,3.5,3.5,3.5,3.5,3.5,3.602836879432624,3.0
1780039,16082,3.568783068783069,3.0,3.0,3.0,3.0,3.0,4.0,4.0,4.0,4.0,4.0,4.0,3.602836879432624,4.0
1785209,16082,3.568783068783069,5.0,3.0,3.0,5.0,5.0,3.0,3.0,3.0,3.0,3.0,3.0,3.602836879432624,3.0
1790158,16082,3.568783068783069,3.0,4.0,4.0,3.0,3.0,3.0,4.0,3.3333333333333335,3.3333333333333335,3.3333333333333335,3.3333333333333335,3.602836879432624,3.0
1812039,16082,3.568783068783069,3.0,4.0,4.0,2.0,5.0,3.0,3.0,3.0,3.0,3.0,3.0,3.602836879432624,3.0
1827937,16082,3.568783068783069,4.0,4.0,4.0,5.0,3.0,4.0,4.0,3.6666666666666665,3.6666666666666665,3.6666666666666665,3.6666666666666665,3.602836879432624,3.0
1883537,16082,3.568783068783069,4.0,5.0,3.0,5.0,4.0,2.0,3.0,2.6666666666666665,2.6666666666666665,2.6666666666666665,2.6666666666666665,3.602836879432624,3.0
1942793,16082,3.568783068783069,5.0,4.0,4.0,5.0,5.0,5.0,4.0,4.666666666666667,4.666666666666667,4.666666666666667,4.666666666666667,3.602836879432624,5.0
1987400,16082,3.568783068783069,5.0,3.0,3.0,5.0,5.0,3.0,3.0,3.0,3.0,3.0,3.0,3.602836879432624,3.0
2012286,16082,3.568783068783069,3.0,4.0,4.0,2.0,5.0,3.0,3.0,3.0,3.0,3.0,3.0,3.602836879432624,3.0
2022945,16082,3.568783068783069,3.0,2.0,4.0,4.0,4.0,3.0,2.0,4.0,3.0,3.0,3.0,3.602836879432624,3.0
2026787,16082,3.568783068783069,3.0,4.0,4.0,5.0,5.0,4.0,3.0,3.3333333333333335,3.3333333333333335,3.3333333333333335,3.3333333333333335,3.602836879432624,3.0
2043500,16082,3.568783068783069,1.0,2.0,3.0,3.0,2.0,3.0,2.0,2.0,2.0,2.0,2.0,3.602836879432624,1.0
2051165,16082,3.568783068783069,3.0,3.0,3.0,3.0,5.0,2.0,2.5,2.5,2.5,2.5,2.5,3.602836879432624,3.0
2080843,16082,3.568783068783069,3.0,3.0,3.0,3.0,3.0,3.0,3.0,3.0,3.0,3.0,3.0,3.602836879432624,3.0
2085421,16082,3.568783068783069,5.0,3.0,4.0,5.0,5.0,5.0,4.0,4.0,4.5,4.5,4.5,3.602836879432624,5.0
2093957,16082,3.568783068783069,3.0,3.0,3.0,3.0,3.0,5.0,5.0,5.0,5.0,5.0,5.0,3.602836879432624,5.0
2101803,16082,3.568783068783069,3.0,5.0,3.0,5.0,4.0,3.0,4.0,3.6666666666666665,3.6666666666666665,3.6666666666666665,3.6666666666666665,3.602836879432624,4.0
2113709,16082,3.568783068783069,2.0,2.0,2.0,3.0,3.0,3.0,2.5,2.5,2.5,2.5,2.5,3.602836879432624,2.0
2119135,16082,3.568783068783069,3.0,4.0,4.0,5.0,5.0,4.0,3.0,3.3333333333333335,3.3333333333333335,3.3333333333333335,3.3333333333333335,3.602836879432624,3.0
2120723,16082,3.568783068783069,4.0,5.0,3.0,5.0,4.0,5.0,3.0,4.0,4.0,4.0,4.0,3.602836879432624,4.0
2170831,16082,3.568783068783069,4.0,4.0,4.0,4.0,4.0,3.0,3.5,3.5,3.5,3.5,3.5,3.602836879432624,4.0
2197982,16082,3.568783068783069,2.0,2.0,2.0,3.0,3.0,3.0,2.5,2.5,2.5,2.5,2.5,3.602836879432624,2.0
2232395,16082,3.568783068783069,3.0,3.0,3.0,3.0,3.0,4.0,4.0,4.0,4.0,4.0,4.0,3.602836879432624,4.0
2251050,16082,3.568783068783069,5.0,3.0,3.0,5.0,5.0,5.0,5.0,5.0,5.0,5.0,5.0,3.602836879432624,5.0
2253226,16082,3.568783068783069,3.0,4.0,4.0,2.0,5.0,2.0,2.0,2.0,2.0,2.0,2.0,3.602836879432624,2.0
2312072,16082,3.568783068783069,4.0,4.0,5.0,5.0,5.0,1.0,1.5,1.5,1.5,1.5,1.5,3.602836879432624,2.0
2319565,16082,3.568783068783069,3.0,4.0,4.0,2.0,5.0,3.0,3.0,3.0,3.0,3.0,3.0,3.602836879432624,3.0
2327122,16082,3.568783068783069,4.0,4.0,5.0,5.0,5.0,2.0,3.0,3.0,3.0,3.0,3.0,3.602836879432624,4.0
2331843,16082,3.568783068783069,5.0,4.0,4.0,5.0,5.0,5.0,4.0,4.666666666666667,4.666666666666667,4.666666666666667,4.666666666666667,3.602836879432624,5.0
2334757,16082,3.568783068783069,3.0,3.0,3.0,3.0,3.0,4.0,4.0,4.0,4.0,4.0,4.0,3.602836879432624,4.0
2353376,16082,3.568783068783069,5.0,5.0,5.0,4.0,4.0,4.0,2.0,3.3333333333333335,3.3333333333333335,3.3333333333333335,3.3333333333333335,3.602836879432624,4.0
2354626,16082,3.568783068783069,4.0,4.0,4.0,4.0,4.0,4.0,4.5,4.5,4.5,4.5,4.5,3.602836879432624,5.0
2359820,16082,3.568783068783069,3.0,3.0,3.0,3.0,3.0,3.0,2.0,2.6666666666666665,2.6666666666666665,2.6666666666666665,2.6666666666666665,3.602836879432624,3.0
2363627,16082,3.568783068783069,3.0,3.0,5.0,5.0,5.0,5.0,4.0,4.333333333333333,4.333333333333333,4.333333333333333,4.333333333333333,3.602836879432624,4.0
2364512,16082,3.568783068783069,4.0,4.0,4.0,4.0,4.0,3.0,3.5,3.5,3.5,3.5,3.5,3.602836879432624,4.0
2375683,16082,3.568783068783069,3.0,3.0,3.0,3.0,4.0,4.0,3.5,3.5,3.5,3.5,3.5,3.602836879432624,3.0
2421852,16082,3.568783068783069,4.0,5.0,5.0,5.0,5.0,4.0,3.0,3.6666666666666665,3.6666666666666665,3.6666666666666665,3.6666666666666665,3.602836879432624,4.0
2424986,16082,3.568783068783069,4.0,2.0,4.0,5.0,5.0,2.0,3.5,3.5,3.5,3.5,3.5,3.602836879432624,5.0
2469399,16082,3.568783068783069,5.0,4.0,5.0,3.0,3.0,4.0,3.0,3.0,3.25,3.25,3.25,3.602836879432624,3.0
2482831,16082,3.568783068783069,5.0,5.0,3.0,3.0,3.0,3.0,4.0,4.0,4.0,4.0,4.0,3.602836879432624,5.0
2497164,16082,3.568783068783069,3.0,4.0,4.0,2.0,5.0,3.0,3.0,3.0,3.0,3.0,3.0,3.602836879432624,3.0
2497498,16082,3.568783068783069,4.0,3.0,4.0,3.0,5.0,1.0,2.0,2.0,2.0,2.0,2.0,3.602836879432624,3.0
2502736,16082,3.568783068783069,3.0,3.0,3.0,3.0,3.0,5.0,5.0,5.0,5.0,5.0,5.0,3.602836879432624,5.0
2511278,16082,3.568783068783069,3.0,4.0,4.0,3.0,3.0,3.0,4.0,3.3333333333333335,3.3333333333333335,3.3333333333333335,3.3333333333333335,3.602836879432624,3.0
2512128,16082,3.568783068783069,3.0,3.0,3.0,3.0,3.0,4.0,4.0,4.0,4.0,4.0,4.0,3.602836879432624,4.0
2522831,16082,3.568783068783069,3.0,3.0,3.0,3.0,4.0,4.0,3.5,3.5,3.5,3.5,3.5,3.602836879432624,3.0
2577960,16082,3.568783068783069,3.0,3.0,3.0,3.0,3.0,5.0,5.0,5.0,5.0,5.0,5.0,3.602836879432624,5.0
2606540,16082,3.568783068783069,3.0,4.0,4.0,2.0,5.0,3.0,3.0,3.0,3.0,3.0,3.0,3.602836879432624,3.0
2634182,16082,3.568783068783069,3.0,3.0,3.0,3.0,3.0,3.0,3.0,3.0,3.0,3.0,3.0,3.602836879432624,3.0
2638601,16082,3.568783068783069,3.0,3.0,3.0,3.0,3.0,2.0,2.0,2.0,2.0,2.0,2.0,3.602836879432624,2.0
428688,16576,3.568783068783069,4.0,2.5,2.5,2.5,2.5,2.5,1.0,1.0
926054,16933,3.568783068783069,2.0,4.0,5.0,5.0,4.0,4.0,4.0,2.0,2.0
2359820,16933,3.568783068783069,2.0,3.0,3.0,2.6666666666666665,2.6666666666666665,2.6666666666666665,2.6666666666666665,2.0,2.0
